index,target
3135,
4655,12 
22118,2 
23511,0 
45,
19006,
23989,
21464,2 12 
20344,
26679,
11295,12 
1007,
23199,3 
23424,
3313,
24286,
8744,
22961,
20140,
1399,
23708,
20569,2 
7730,
23504,
25792,
7995,30 
21646,27 
20689,0 
21674,12 
486,
20516,2 
7861,
12323,
24087,
3460,
22836,
24411,
351,
10899,
24444,
1721,0 
21414,20 
20245,
13221,
10253,
24410,
17422,28 
4275,0 
18589,
20024,
11393,
122,28 
494,
15134,28 
8177,12 
22892,
12678,
4714,
23945,0 
19490,0 30 
21056,19 
6554,28 
896,
397,
10630,
7526,12 
12017,
17576,0 
22278,
11203,0 
22440,
21051,0 12 
24053,0 
25851,30 
276,
825,
23089,
10608,
8685,
2734,
18054,
16946,
23791,0 
8908,
4097,
195,
25552,
12744,12 
21238,
22016,
20751,0 3 
1152,
24426,
15438,
24966,
3916,0 
22262,
9607,
25040,
7796,
11303,
26133,30 
17603,
25826,
7641,
14468,
22797,
9696,
3943,0 
7289,
13338,
25572,
17073,
2465,
8510,12 
23707,
24467,
25749,
23461,
10147,
26412,
27029,
14720,28 
6022,
15849,
21813,
25019,
14140,28 
23440,
25115,
20177,
25964,12 
22805,
26298,
13783,
25811,
19758,
16053,
510,
5157,
24375,
15515,2 
16221,
20827,2 
22730,
25205,
15414,27 
22569,
23783,
26466,
588,
21865,
22011,28 
21046,
26037,27 
26181,
10949,2 
19369,
21044,
24933,
20498,12 
24647,
22033,
13676,
2045,
18841,3 
25089,
11356,0 2 
9116,
14834,
20595,0 2 
20870,
1055,
4287,3 
21681,
2945,
22489,
8254,
23879,
21168,
23441,
26108,27 
25106,28 
11376,
5233,30 
3254,
7597,28 
24812,12 
26469,27 
578,3 
23716,0 
5653,
23078,
24952,
23454,
16449,
18438,
21732,
26142,
11482,3 
16067,28 
24824,0 
26001,27 
21589,
902,
19859,
7002,0 
23074,3 30 
23171,0 
16465,3 
24548,
26926,
25483,
26393,
1683,
22460,
26252,
22354,
25273,
1071,2 
26811,
26907,
26497,
6390,
8412,
22670,
10575,0 30 
24913,
17913,2 
19134,
26215,
3419,
21294,12 
20394,
25980,27 
21718,
20422,
19723,
1064,
15602,
11690,0 
9573,
22224,
4118,
22432,
22423,
6775,
8485,19 
18522,
25482,12 
12240,
25021,
23380,
23589,0 2 
520,
4431,
9032,
19692,
6670,
25404,
23976,2 
22627,
17620,
23096,
22009,28 
11715,27 
21196,
24567,
25197,
2915,
21890,28 
4625,
22825,
26566,19 
24101,0 
12793,12 
21363,
589,2 
24805,
9839,0 
21062,12 
602,
25830,
26824,
20656,
17346,
18191,
24889,
21905,
10744,
3761,
23619,0 
22400,
21074,
24818,
26694,12 
24323,
2989,
21150,28 
23829,0 
23959,0 
11734,
7052,
3120,
22946,
26530,
22590,
4874,
22028,
23191,
26202,
4865,
14270,12 
53,
1239,27 
10957,
21313,12 
4279,0 
16347,28 
15814,
12797,
24967,
24642,
26697,
22720,0 
5191,
22641,
10081,
19928,30 
16351,
12619,0 
17590,
775,
13498,
17722,0 
2472,28 
8620,
14807,0 
16301,28 
16607,
17430,
21642,12 
10159,
22913,
22301,
17535,0 
10951,3 
7790,
20924,
3690,12 
572,
19395,
24194,
21755,
21005,
24530,
17225,
23930,2 
23143,
24020,0 
22333,
25863,
24129,2 
14569,
17488,
3870,12 
25470,12 
10639,
25129,12 
3631,
399,
19923,
5998,12 
22791,
23690,
8259,
20732,
17089,
88,
18925,
13331,
16920,
22596,
19391,
14387,
23247,
13725,
11601,
26519,
7472,
26611,
15287,0 
21282,12 
24046,
8885,12 
25254,
24942,12 28 
3413,
21997,
6200,
6644,
10707,
2866,
22878,
5873,
5626,
20041,
2510,
20753,
16796,
26168,
593,
20784,
12237,
26282,
342,
18738,
19717,
25208,30 
24920,
24258,
22103,
24251,
12802,12 
23539,
15964,
21340,
25127,
17286,12 
26089,27 
9650,0 
12310,
21511,
2303,12 
25493,
9635,
540,19 
20410,0 
23377,
22327,2 
16173,28 
1248,
10191,
23778,
26928,
9440,27 
21387,
23301,2 
26991,30 
12219,0 
23667,
24266,12 
26475,
14437,
6560,
11764,2 
11827,
23509,
9914,0 
7468,
21338,19 
27027,
20290,28 
23251,0 
22953,
26707,19 
22655,
11297,
21055,12 
26997,
21298,19 
22589,0 
19858,
22375,
21186,
21119,
19909,
5133,28 
25590,
14632,2 
21592,
2649,
25385,12 
26776,
24059,0 
13919,
24745,0 
26346,
9,
25683,
25649,
11111,
6261,
20488,
26275,27 
19419,
18469,
8548,
6615,
3440,
18635,
17594,28 
24702,
11854,
21680,
25927,0 
20948,
9230,
19703,0 
9659,
24887,
8040,28 
12998,
5064,
24504,
23602,2 
22570,0 
20069,
13011,12 
7229,
20727,
25999,
1689,
2640,12 
14785,
20884,19 
11334,
24917,
25345,19 
22152,
25611,
24992,28 
24537,
6748,3 30 
11221,30 
21689,
23942,0 
20094,
20734,
15156,0 
17726,
24909,
12141,
26753,
4459,2 
26605,
13462,20 
20432,
24086,
1251,
16419,
25601,
18010,
12520,
20675,
23762,0 
4074,
24620,
23203,
9996,
20907,
23177,
14826,
2365,
5584,
24473,
14575,
4393,12 
17199,0 
3796,
23670,
23501,2 
18180,12 
25588,
26636,
26673,
17656,
5351,
17125,
9916,0 
18031,
21941,
19770,19 
24959,
6965,
11629,1 
1422,0 
23016,
18339,
23197,30 
16266,28 
6827,
25774,
24462,
3065,0 
22584,2 
26098,
23194,
23883,3 
23856,
21582,0 12 
12151,
26970,
4094,
763,
2263,0 
4712,
5487,
5593,
3479,12 
9776,
1813,0 
23580,
9922,
434,0 12 
4812,
13005,
24944,
6769,2 
17589,12 
25160,
18479,
23328,
25852,
13158,2 
9128,
326,
20969,
22839,
23386,
24559,12 
24678,12 
5457,
23845,0 27 
23517,0 
23215,
23889,
15093,
4376,
11833,
25384,
26522,
5585,0 
24616,
1418,12 
18953,
2285,
22200,
182,
23305,0 2 
16959,
25930,
10392,
8957,
21892,
22256,
23354,
26343,
20633,
25988,
24834,
49,
24557,12 
22833,0 
15806,
24536,12 
23005,
6470,
22216,
26451,27 
370,12 
20936,3 
16517,
17869,
1407,
25010,12 
23732,
11742,
21585,
437,
7864,
20610,3 
22082,
652,
23176,
21986,
22036,
25735,
13550,
21925,28 
23410,
15784,3 
5524,12 
22344,0 
11043,30 
15442,
21185,28 
17771,2 
5076,
21441,
12231,
22205,20 
11706,
19293,2 
4546,
20643,
426,0 
8324,12 
24837,
24178,2 
21016,
23324,
9385,12 
7370,
19607,
2298,
22794,
11566,
21362,
24436,
5844,
21214,
17432,
26893,
975,
5050,
24278,
21406,
23062,0 30 
22355,28 
8107,
6038,
21073,2 
21444,12 
21170,12 
20466,2 
24003,
15284,
21806,28 
21178,19 
17619,
21200,
14639,
15175,
23818,0 
24246,0 
16883,28 
24760,
26855,
2489,12 
13910,
18499,
20285,
24385,
2535,
493,
89,12 
23019,
12258,2 
22199,
26079,
17893,
14039,19 
4965,
24581,
2004,28 
3107,
16690,0 
592,
26888,
24875,
22269,
20770,
17471,
1952,0 
20499,
14374,
26666,12 
25700,
23786,12 
26066,
16134,
22873,
14477,
3741,
20898,
8749,
26405,
10839,
24144,
21947,
23443,
16891,
39,
6483,
16457,28 
20461,0 
16625,
21438,
23920,
12809,
21141,28 
26573,
13414,
25390,
25839,
5615,0 
24138,
26918,
12348,
3666,
26711,
26800,19 
6108,
15172,20 
21571,
11021,12 
20912,12 
13534,
12167,12 
19760,
5284,
8719,
23277,
25904,0 
22647,2 
10709,
26986,
20979,
25211,
3223,2 
20489,
21661,
20670,20 
4838,
21429,
22610,
2748,
26651,28 
25794,
284,
3386,
10900,
24050,
22358,28 
10193,
25972,
21526,0 
10373,28 
22172,
4238,
7298,
22377,
21373,0 
5662,0 
24338,
417,
22817,
22161,
22137,
20016,
23033,
20367,
14842,
26685,
14646,12 
12029,12 
22276,2 
23296,
22385,
20418,
9533,12 
23675,
13151,28 
25246,
23200,
12030,
26134,
23916,
5841,27 28 
7348,28 
11133,
6591,
21137,
13754,3 
7980,19 
2407,
22351,
1333,0 
26945,
23793,
14783,
25582,28 
24999,
13811,
21868,
26751,
24787,20 
9204,
23955,3 
17334,
24091,
4153,20 
17556,
213,
24274,
4018,
26440,
4286,12 
23351,2 
16017,
16199,0 
20529,
11143,
16495,28 
25710,
24635,12 
222,
24457,
24929,
20738,
2208,
23101,
6611,
3378,
9107,
10050,0 
421,
20505,0 
416,
20862,28 
20836,28 
18940,
10210,
3514,
23984,
20662,28 
24747,2 
25678,
22382,
21667,27 
24898,19 
26492,
26978,30 
25134,
22347,
20806,28 
21519,
26838,
20658,
22568,
401,
25881,
7428,
22408,
23012,
15277,
19509,
18981,
22247,27 
2953,3 
24404,
1477,
21078,
23824,
22840,
3277,
25156,0 
11201,
26689,
24681,
11797,
23235,
12164,2 
21383,
26115,
20831,
23198,
23957,
9780,12 
569,
1066,
26572,
8459,
7575,
15638,
731,2 
23063,
24708,
969,28 
13509,
16551,
18109,
25018,
24403,
13065,19 
15945,
118,
18704,28 
24865,
21096,
6052,2 
26291,
23070,
26345,
18859,
24264,
3567,2 
17262,
27034,12 
24052,
22634,
21692,19 
15408,
2316,
533,
23782,
12477,
12586,
23170,
23634,2 
3769,
21594,
18666,
20490,
12293,
1249,
20576,
20631,
20842,28 
23358,
3675,28 
26242,
25912,0 
25313,12 
17949,
24587,12 
12275,
9893,
5985,
22872,
17500,30 
23429,
17983,
14237,
15788,
81,
22288,
14143,
25668,
26596,
18376,
6845,0 
24724,19 
21035,19 
5253,
1775,
24076,
15116,
24712,
14637,3 
11310,
23059,27 
19912,3 
2525,0 
6907,
6090,
23863,2 
219,0 
25451,12 
21275,20 
168,
6220,
23451,2 
20756,
14953,0 
20464,
24758,28 
20481,
16156,
2644,
11466,
9860,
255,0 
22034,
19209,28 
25642,
26604,
910,3 28 
21006,12 
250,
6720,
21172,12 
26713,30 
24023,0 
26804,
20818,2 
3442,
22809,
4630,
1126,
568,
24732,
25131,
5450,
10822,
22630,
18037,
9231,
2923,
20774,0 
24215,
22020,
11941,
22066,28 
21601,
7853,2 
26073,
22645,
17848,
1259,
17174,
24523,
12264,
24563,
12950,
24273,
22180,
488,12 
20136,
20600,
18266,
12844,30 
6833,
1522,2 
22662,
3383,
26420,
25835,
17866,
4012,28 
26243,
22989,0 30 
7875,19 
335,
5679,
22261,
24093,
24947,
6825,12 
6860,
10823,12 
20636,
21588,28 
26013,
23242,
22973,
12618,
7408,
21393,
15803,
24707,
22245,
23084,
14845,
23146,
21297,
26294,27 
20546,3 
27030,
22592,12 
3213,27 
183,
9375,
18916,
22738,
25108,
26085,
24746,
1596,
20216,
6617,
25723,
25231,12 28 
2725,3 
21076,
21525,
23066,
16278,
16353,
22429,2 
16647,30 
368,
25237,
14784,
12786,12 28 
14798,
8572,
18272,
25117,
22651,
19612,
13721,
13857,
24051,
23871,2 
4913,
26196,
19181,
21458,
17496,
4096,
24112,
18570,
12523,12 
5017,19 
11598,2 
11488,30 
22716,
15014,20 
21448,
1270,0 
15082,
26980,30 
5987,12 
9810,
24414,
3062,12 
2190,
2537,
11738,
22614,
25632,
22757,
22741,0 
13031,
21224,
25236,
354,12 
3792,
3894,12 
24287,
26985,19 
7658,
7669,
25360,
18260,
12622,
19736,
4053,
14616,
551,
22732,
12319,0 
24225,
21403,28 
25336,
21872,0 
7611,
25554,
19308,0 
25736,
23842,
21616,27 
20679,
3992,
22550,
11508,
22503,
19053,12 
3335,12 
8185,19 
21638,28 
6654,12 
22706,
22581,
23095,2 
25046,
14635,
21147,12 
15221,12 
371,
5078,2 
3022,19 
20571,2 
25376,12 
16699,
26071,
21800,
22783,
23216,0 
7391,
21111,12 
7010,
8802,
19024,
14900,0 12 
15153,
26939,
16618,
3321,12 
22619,
1286,
7065,
345,27 
14596,
9140,0 
3602,
21698,28 
4449,2 
6895,
23373,
5904,
21687,
21950,19 
20833,28 
24658,
2988,
3389,
26829,
26463,
19839,12 
22653,
26315,
23585,
26742,
25558,
26322,
22143,
25672,
20311,12 
20735,
22917,2 
4463,
20040,28 
21964,
24223,
25424,12 
1221,
8916,0 
21956,
22254,
5628,
22263,0 
17087,
10493,
6732,
19318,
21584,
1425,
25110,
10883,
26803,
16179,
23352,
19735,
25741,
25133,
22132,28 
12073,0 
10790,
26077,
13781,12 
2860,19 
8907,
23710,
610,3 
12906,
1208,2 
25164,
20618,
13199,
2142,
9189,
6763,
9568,
17885,0 
8914,
26002,27 
22899,
18645,
7110,
420,
24797,12 30 
9392,
7851,
22671,2 
22368,
21135,12 
394,2 
12042,3 
22573,12 
26004,
21789,
23308,
20706,
8671,
9888,
22452,
12810,2 
25837,
24585,12 
14500,
4509,0 
9624,
20593,2 
22803,
14001,
7890,12 
2882,
13613,
6305,
4664,28 
26279,
21166,
25849,
12070,
21312,
1193,3 
22135,
940,
23430,
24910,12 
21590,
18517,
25183,12 
26159,
25998,
22337,
25646,
25151,
24767,
7883,3 
3822,0 
24936,
20416,
26326,
9418,
22991,
3945,
22582,
25886,2 
11419,
768,
24244,2 
19988,
25300,12 
6689,
20361,
21284,
22553,
21930,
24687,
10265,
20981,
439,12 
8576,
23832,
26607,
26953,
16350,
20747,
6172,
9236,19 
1268,0 
6826,12 
18648,12 
24839,12 
23042,
1297,
25977,
20306,
4834,
23510,2 
24663,28 
8315,
17844,2 
20730,0 
26488,
15785,12 28 
16037,
13789,
19807,12 
12564,
8433,
15212,
25991,27 
19128,
6821,
15852,
25562,
20525,
6058,
22390,
1836,
13489,
24897,
22456,3 
22465,
21372,
9766,
24048,0 
24808,
23993,
738,
20052,28 
22207,
24836,
2410,
16340,
26102,
26360,
22096,
22324,
594,
17079,
21054,28 
7719,12 
4292,
26030,
6262,
22936,
15069,3 12 
21759,
19241,27 
2346,0 
20702,
3902,12 
25203,
18478,20 
22138,
22890,
22852,
22336,
15106,28 
24970,12 
1224,0 
12427,2 
21223,28 
23463,
20755,0 
26443,
26410,
22725,
15853,
616,
22887,
25693,
20838,
4359,2 
17134,
21049,2 
22543,
1362,
8607,
17774,
14892,
24926,20 
1919,2 
24177,
18605,
396,
22659,
13690,
21631,
15091,
24413,
13451,
282,
5288,
14949,30 
22443,
9381,
2805,
15866,
18928,
25951,
20342,
25170,
25756,
20202,
20427,
7653,
10106,19 
25320,
25602,
25768,
24955,
20399,
21253,
26857,
24639,
1548,
22891,
24575,28 
24137,
19604,28 
26844,
8165,28 
25715,
22025,28 
17503,2 30 
25516,
26881,
12542,
22897,
20400,
4774,2 
3445,2 
7035,
7242,0 
23788,0 
17037,
19233,12 
25506,
26105,
8827,12 
20985,
5814,12 
20484,
7562,30 
22774,
19576,
17956,
744,
24073,0 
47,
24405,
25373,12 
24600,
22522,28 
3467,27 
19685,
12307,
21933,20 
11166,
5842,
24531,
25391,
196,2 
7223,
22533,
21946,
22048,19 
13457,
12161,
23636,0 
11778,
18125,
20222,
22664,2 
24094,0 
1951,
24981,12 
10400,
23457,2 
22867,27 
22826,
22000,
12221,0 
46,
13367,
12473,
3249,
23876,
13132,3 
18736,
24666,
26494,
10767,12 28 
173,
20483,
21165,
15794,0 
28,
21307,28 
5565,
21953,
25679,27 
410,2 
23302,2 
6396,30 
24803,
13180,
4102,
15900,
21125,28 
11243,
20889,
16085,
4850,
21492,
4121,
25272,19 
12440,
23421,
22047,
13401,
1891,12 
129,0 12 
13567,
21332,
22519,
22192,
11144,30 
22551,0 
7133,
6025,
5740,
12748,2 
16865,28 
13615,
4648,
23046,
26366,
20455,
17071,12 
17784,
24393,
1905,
1736,
23397,
26570,19 
13838,
26850,30 
24798,
22266,
8440,
2553,
24718,
22703,3 
22772,28 
5441,0 12 
17132,
21763,27 
26819,
331,
19708,
22967,
26150,
11766,
26457,
21580,
157,28 
19898,
25008,
22458,28 
22334,
4262,28 
18146,
5931,
8149,
27038,
20262,
25295,12 
6909,
22488,
16435,
19298,
14036,
23792,
22099,
26865,30 
6862,0 
14797,
1043,0 
22740,
19674,19 
11109,0 
13538,
24100,2 
15834,
24294,2 
3252,
26470,
20809,
24651,
423,
21671,
25146,
21796,
23926,30 
22229,
24603,
4852,2 
25722,
14149,
9661,
1464,0 
14366,
23133,3 30 
20027,12 
18313,
23757,
26382,
22542,
6419,
11543,
23381,2 
1472,
26920,
12980,
6115,
22600,
15841,
95,
21749,
22920,30 
16254,
24750,
18506,
6549,
21481,
25713,
24686,
777,
17667,
15576,12 27 
20849,28 
23267,
23110,0 
26936,
12884,2 
5211,
4294,
2721,19 
14823,2 
20929,2 
7625,30 
241,28 
7841,12 
307,
16164,
280,12 
4004,
26236,
11055,2 
14379,12 
25950,
21482,
17578,30 
23927,
22560,3 
15351,
26951,
18039,20 
1614,12 28 
25638,
13017,
24903,
26755,
9815,
22875,
12479,
21428,
25409,12 
26827,
5021,
10640,
4986,
1118,
16687,
7806,27 
26797,
19421,2 
19126,12 28 
26368,
7722,19 
23614,
22313,
2955,
23249,0 
16498,
9639,
26327,
25111,30 
21058,
20745,
22992,
21329,12 
7046,20 
23847,0 
25949,
25767,
322,20 
23859,
11559,0 
18251,12 
24024,
1153,
21357,
21640,19 
10416,
9512,
13827,0 
26757,
24314,
2871,0 
13200,
18952,
24259,
26798,30 
10573,
21112,
19184,
15971,
20975,
1181,
23669,
18796,
26471,
14396,2 
25978,
26165,
12364,
15482,
23183,
16820,
17423,0 
4689,
22687,3 
22144,0 
163,
22531,
17235,
12901,19 
8136,
3012,
15242,
5712,
22097,
14650,
4271,
13015,
8829,
6339,
23765,0 
24409,0 
21269,0 
25268,12 
12143,2 
19441,
26656,
24719,
4146,
257,
74,2 
6514,30 
292,28 
13582,12 
24617,12 
9483,
11567,
6722,
26036,
26263,
12562,2 
25936,
26174,
23915,0 
16016,0 
22983,2 
22472,12 
20712,28 
13083,3 
17910,
26758,
4054,
15161,0 
16600,
686,
6632,
3568,0 2 
15812,
17315,
21696,
19228,
26650,19 
2979,
25766,
15644,
3239,0 
11306,
13633,19 
685,12 
5857,12 
18548,
23922,
20220,12 
20557,
4261,0 
5519,2 
25154,
12378,19 
1122,27 
24611,
21069,0 
7882,
14997,
10302,
25322,
13814,0 
26267,
4824,
1600,
25071,
5440,
27013,
19431,
4686,
12153,30 
26076,
20821,
11622,
21273,
21350,
7105,
18595,
18687,
7453,
2532,
25497,12 
4,19 
26581,
21703,
187,
23892,
23823,
22037,
26903,
18569,28 
15246,
5240,0 28 
1945,
1500,12 
9048,
13252,
25262,
5153,
10856,
24859,
25309,28 
21092,
5008,
3283,
21826,
13209,
18836,
24692,
17768,
14851,
16701,
23155,3 
12194,
21140,
25786,
11281,
25096,12 
17758,
26910,
19428,
18556,
10229,
24320,19 
3387,3 
12546,0 
23229,2 
19876,27 
26273,12 27 
4562,
16352,
16846,2 
21720,
17936,
9744,2 
8146,
135,
24662,12 
9139,
16145,
6131,
24823,
22534,
20240,0 
5566,
12489,
4403,
25519,12 
13382,
24299,
24883,
541,12 
2540,2 
26579,
15400,0 
20501,
3183,
11386,0 
24703,12 
13326,
26067,27 
24167,
21277,
10617,27 
26889,
12805,
16496,
12584,
23687,
24308,
26593,
15795,0 
320,27 
25687,
25563,
14278,
26482,27 
19056,
22869,
21898,28 
26106,
14420,
19537,
6268,
12814,
11219,
16560,
16426,
1089,
11589,
13148,
3244,
10137,12 
18623,
20086,
22454,
5999,
21198,
17127,30 
20973,
1220,
14864,2 
22767,
24964,12 
20819,
21792,
26173,
23186,
22055,
6343,
21034,12 30 
5500,
23126,2 
24334,
9074,
18773,
2123,
21322,
14335,
23029,
14633,
9651,
25570,
5793,
15281,
1146,
12637,27 
15622,0 
25386,
21529,
9983,
24030,2 
4250,
24346,
17675,
22272,
14267,
23553,
6130,
356,28 
19474,
973,2 
6376,19 
20919,28 
23899,
7913,
14148,28 
25311,12 
10186,
21460,12 
15699,0 12 
27000,
20504,
7674,28 
19569,
25537,20 
23682,0 
2014,28 
8503,2 
26512,
5954,27 
26623,
353,0 
84,
2625,
26750,19 
16510,
26752,20 
120,
1378,
19140,
21211,
23550,
15449,
24781,
316,
5391,19 
22909,0 
19104,
17341,
25948,
25571,30 
7997,
20542,
23415,2 
21527,19 
16257,12 
24908,28 
13117,
20718,
18486,
23631,3 
21327,12 
22153,
18552,
26714,
13883,
26902,
10395,
25858,
21391,28 
22948,
24932,
8951,
26233,
24182,
9243,
10816,
21660,
15137,
26700,28 
6512,
16597,
3759,
15109,
644,
26038,
26033,
22413,
17777,30 
25809,2 
26046,
22895,
25138,
26276,
25579,
23515,
24212,2 
57,
7111,
6149,0 12 
22556,3 
21102,
607,
14369,12 
23641,2 
61,
4243,
16580,
1847,
14901,28 
22080,
22140,
5330,
10451,
24497,12 
7884,
17491,28 
26900,
9969,2 
21924,
5214,
24542,
23446,0 
22019,28 
24260,2 
26912,
17273,
18400,0 
20882,
21815,
18730,
21538,
17390,
7576,
4760,
12948,
8491,
4024,
8562,
20537,
25417,
24991,19 
14613,
8289,
17275,2 
12299,
20887,2 
4513,
23700,
26999,0 
13212,
4580,
550,
25155,
24483,
21847,
19463,20 
21020,
1971,
26231,
22905,
22668,
24598,12 28 30 
21854,20 
19932,
6693,2 
25581,
26973,
25053,
11740,
24445,
20517,
26825,
15492,
20796,0 
21300,
16318,
22426,
54,28 
17916,
23958,
26746,
6412,
25622,
21899,0 
25813,27 
25475,12 
1414,
23362,
26731,
26947,
30,
25920,
21337,
22280,
2814,
153,
26941,
14211,
3109,
10778,28 
14314,
25195,
22058,
21741,19 
24253,
22307,0 
6974,28 
6435,
26311,
24305,
24069,
1914,
11837,12 28 
20384,12 
25806,
25422,
20541,
22956,
23406,
17838,
14638,12 
6279,
26472,
21955,
21132,
20599,
15377,
24358,
18914,2 
25952,
9608,
18316,
25079,12 
14593,3 
21292,
22024,
8514,
1835,28 
25697,
22713,19 
21831,
1180,
25296,
10406,2 
690,
17669,27 
23977,
79,
24327,
20759,28 
8357,0 
6804,
12842,
600,2 
23897,
25312,12 
23246,0 
16075,
2432,
12790,
3905,
10880,
25525,
6768,
21199,
25049,12 
504,
26386,
16008,19 
11507,19 
21045,12 
23115,
23237,
23045,
15304,
23541,3 
19230,0 
10408,
2850,
26145,
23593,2 
22649,
1405,28 
20360,
424,
18294,30 
26968,
21103,
24892,
289,
12225,27 
25173,
22056,
26648,28 
3018,
25014,12 
707,
25518,12 
24434,
21421,
22257,
9427,
20693,
23772,0 
24236,
20550,
4475,0 
17632,
19635,12 
35,
27016,
26992,12 
27002,19 
25974,
24688,28 
26787,
1670,
17833,
18389,0 
23274,
25276,12 
26565,
10743,
19238,27 
24174,
23599,0 
22189,
17201,
22699,
16777,
8784,0 12 
19292,
2137,
20933,19 
21662,
15030,
24980,
23717,3 
7226,
26710,
15535,
9770,0 
11915,
21999,
673,
11520,
22277,
34,12 
26111,
11840,
20462,
20724,2 
21643,28 
24759,12 
23240,
16707,
21737,
17769,
16185,28 
17608,
25397,12 
27039,
21473,
17355,
23724,
13318,
4138,
12902,
20396,
21352,
11160,
10740,
9382,12 28 
23805,0 
20878,
8299,
22217,
17695,0 
25617,
25148,
24176,
12337,
17953,
2768,
10779,0 
5219,0 30 
20808,
25986,
21918,
5665,
18488,
26583,
23434,
23058,
25614,
22626,
19911,
18638,
13853,0 12 
25705,
16898,
17335,
415,
19919,
24752,
14392,12 
20886,
13764,
352,
13292,27 
17102,2 
20949,
1119,
13609,
23034,
20560,
1837,12 
9221,19 
662,20 
25094,
21688,
21840,
21613,
14294,
10857,
1213,
15373,
21032,30 
2331,2 
16175,
20477,2 
20697,2 
15845,
18542,
7976,27 
23693,0 
12274,
25538,12 
23816,
22484,
23719,2 
9900,
25446,12 
6386,
13809,
6281,
22860,
11418,
17254,
13714,30 
14525,
19804,
17314,
24055,0 
17120,
14624,
5411,28 
23071,
15693,28 
2867,
25942,
14252,12 
8028,2 
5791,
812,
18600,12 
17511,
17,
7783,
23050,0 30 
8048,28 
25248,
22964,
23608,
16904,
24106,
19775,
21217,
25406,12 
26374,
26759,
3691,
1941,
25656,
1335,12 
26063,
20925,
10180,28 
1012,
10130,28 
19418,
22820,
21501,
20467,2 
10380,19 
3494,
8101,28 
22107,
25990,
10975,
25717,
26526,19 
11626,
22866,
23827,
6629,12 
9870,
1786,
26514,
548,
13175,12 
26993,30 
2881,12 
23776,
735,
11521,
7352,
23951,0 
21081,
23065,0 
26834,0 
25867,12 
21533,
4332,
23558,
15022,
13622,
22294,
6828,
24736,12 28 
15174,20 
10958,
14089,
5601,
23970,
14994,
11254,0 
9246,
23742,
23980,
23828,28 
4123,0 
7372,
24036,2 
2622,28 
12663,
18918,
3380,28 
404,
25695,
25283,
9681,
22978,2 
26072,12 
15332,
25512,
20034,
15883,12 
17336,12 
2212,
26045,
11181,
25086,
15164,
17782,
11039,
24449,
26849,
9740,
26051,27 
16342,
24424,
15029,0 30 
25594,
23865,
15275,
22861,
14385,12 
16280,
15744,
6084,
20258,28 
23702,
17809,
3500,
21470,
21700,
82,0 
17931,
143,
12565,
6606,
23576,
1872,
14627,
26777,
20413,0 
24699,
20777,
24353,3 
585,12 
23872,
3790,12 
26500,
26126,
21465,12 
23387,
20102,
19220,
23741,
24622,12 
15781,
25212,
26218,
13799,28 
25608,27 
21866,19 
25805,
6970,12 
2888,0 
26288,
24499,12 
18063,
7900,0 
26723,
24529,
22435,
26592,
25438,12 
18806,
23900,2 
22968,2 
6692,27 
17387,
19940,
21958,
19540,
22376,
23744,
2642,
19871,
12279,27 
7341,12 
22530,
295,12 
22945,
12700,
3225,3 
25857,
908,
20764,
22221,
11400,
26644,
15584,2 
2369,0 
5971,
21539,
13562,
25153,
18431,
21637,
8418,
7503,
26613,
25030,12 28 
21237,19 
15892,12 
10347,
26080,
1182,
16935,
107,
21598,28 
21442,28 
17310,0 28 
25762,
23570,
26152,
19435,
11361,0 
26743,
21543,
466,0 
7322,0 
24496,
14528,
26767,3 
425,2 
3084,
6359,
4520,0 
25048,
25353,
18176,
15653,
419,
23803,
1820,
26569,28 
24697,12 
24470,
5694,
25429,
21635,
7528,
317,0 
7354,
6175,
22466,
22214,19 
20728,
20858,
21945,
21817,19 
24088,
19581,2 
7662,
8686,
24983,
24520,2 
6474,
26701,
9632,12 
3418,
8932,
21318,
25773,
22857,
8680,28 
26619,
16605,
24744,
23775,3 
24335,0 
18567,
25432,12 
11292,
26024,
26586,
22105,
24558,
21233,
18259,
24541,0 
13997,
26006,
454,
405,
17773,
15389,
19661,2 
19353,2 
13728,
1866,12 28 
25535,
21794,28 
256,
7200,
591,
24433,
566,
18562,
15128,
22714,
21113,
18729,
24524,
13749,
18965,28 
24764,
4905,
17977,
25342,19 
3270,
23036,
13164,2 
20853,
16386,
8716,
22601,
11899,
9528,
7271,0 
13953,
23450,
23605,0 
20825,
7959,
22342,
22176,
25468,28 
209,
10252,
26537,
25413,12 
11434,
18156,
8421,
15755,
23432,2 
189,0 
24846,
5264,
18550,28 
21977,20 
23680,2 
12158,
10710,
26028,
25541,12 
23898,
2352,
23292,
584,
3262,
12213,
25410,12 
24906,
13666,
16532,12 
86,
3396,0 
9828,12 
19849,2 
21530,
23929,
23933,
23506,
25326,12 
24730,
21152,
4191,
25210,0 
4387,2 
25178,
24466,
26801,
3405,12 
20899,
23027,
12482,
12068,
233,12 
25333,0 
22208,
25494,12 
24389,
4067,
11309,
13543,
23306,2 
26884,
25808,
470,0 
21095,28 
21550,
41,
18305,
15142,
25776,
24367,
20324,
1663,
26253,27 
25026,12 
19725,
24565,12 28 
6711,
6944,
20866,28 
10189,
25844,28 
8801,
17892,12 28 
387,
11980,
7777,0 2 
22903,
12114,
19491,30 
20736,30 
25895,0 
22112,
15441,
515,
25926,12 
23314,3 
26136,27 
26802,
21218,
9516,
24741,3 
8735,
22591,19 
21400,28 
20553,2 
25315,
20623,28 
4365,
1363,
11367,
9345,
25643,
17299,
23111,27 
2806,
26262,
24124,
24465,
22683,20 
26239,
14302,
21123,
21296,
22174,
7346,12 
17751,
467,
11526,
4445,
1846,
2616,
12640,
17611,
21558,
5332,
22837,
9764,28 
641,19 
23830,0 
22321,0 
26896,30 
15268,
5550,2 
22552,2 
232,
23341,
8722,
22494,
20289,19 
19005,12 
23391,
13756,
16857,
1745,
21234,
9793,
23825,2 
21510,0 
8226,28 
23508,
3599,
24131,
25087,
218,
2283,28 
8277,2 
27031,28 
25388,
7610,0 
22106,28 
12968,30 
22932,
16513,2 
18776,
21348,
24250,
10976,
8266,
160,
26180,
3725,
20581,
26856,
13898,28 
23615,0 
22735,
19470,
2993,
5888,12 
5024,
4310,
25783,
14847,12 
8500,
20583,12 
21618,
4635,
4882,
24829,
21943,
21136,
199,28 
17389,28 
21355,
10281,
23546,
18900,
18085,
21419,0 
22643,
25778,
23099,0 
13682,
5995,
21604,
22425,0 
21310,19 
13038,
22877,
25457,12 
2084,
8158,2 
26473,27 
5464,20 
22734,
986,19 
24679,
336,28 
27025,
25455,12 
25251,
22090,19 
1461,
13263,12 
21599,
24156,
12660,0 30 
23887,
23340,2 
24790,
5590,
13860,2 
21422,
15829,
697,
21346,
9623,
2647,28 
672,
3253,20 
4327,
23164,
22636,
8370,
8388,
23470,
25056,
14007,0 12 
21975,
23802,
26872,
2855,
22603,
23935,
25009,
25817,27 
23315,0 
5378,3 
20564,0 
14707,
877,
16595,
309,
26981,
2634,28 
3,
26428,
23172,
24027,
20824,12 28 
528,
10598,
733,
13319,
21776,
21001,
8410,0 12 
377,
24756,
22366,28 
16549,
22040,28 
19169,2 
25192,
4780,28 
14661,
25618,
12675,
25583,
24550,12 
4584,
2942,
13255,
26547,
21497,
21052,
1358,0 
2567,
3126,
7166,28 
24210,
23812,
23389,0 
20867,28 
21801,
14611,
22694,
5227,
13198,
8699,
25085,2 
8227,
23100,
24197,2 
21556,0 
24538,
21380,
2332,2 
20765,
23445,0 
23136,0 
18793,12 
24953,
15780,
8229,
22310,
21249,12 
25263,
22249,
3644,30 
26873,
24561,12 
12374,
25266,
274,12 
19234,
15548,
21106,
26669,
22984,
9557,
10595,
11753,0 
378,
1975,
24188,
5379,
7700,0 
22952,
21963,28 
23604,0 
20405,2 
16612,
1491,19 
26094,
7150,0 
22935,
26121,
22577,
18838,2 
70,
24083,
11674,
11914,
11659,
13537,2 
24877,28 
10307,
606,
18531,
12144,
8976,
11009,
24738,28 
700,
2491,
413,
10378,
8542,2 
2353,
20624,
1299,
17919,
7807,
26763,
8619,
1834,19 
22676,
12652,
23995,
10026,12 
6713,2 
6221,
24919,12 
834,0 
12905,
23781,
24031,
17654,0 
16215,2 
12644,
678,
25577,
25575,12 
23751,0 
21212,19 
22681,12 
23469,
17601,
4975,
20554,
25015,12 
26840,
23022,
3474,28 
9168,
2786,
24646,12 
26020,
6366,2 
12774,2 
25833,
23545,
6721,
7499,
22623,
8525,
25625,
18178,12 27 
20456,
20797,
21909,28 
8099,27 
12177,
26785,
3860,0 
21961,
25039,12 
719,
21426,
20097,
25204,12 
25104,
11823,0 
3645,
24104,
16881,2 
24026,
20881,
21989,
1898,
19888,0 2 
17618,12 
11953,
14177,28 
18030,
25458,12 
24387,
21583,
20773,
23163,30 
9021,2 
14014,
25619,
22715,
15692,12 28 
14897,
24924,
8530,
26487,
23456,
24041,
481,
10596,
26540,
22517,
25074,
21838,
21309,28 
1069,
25348,12 
23647,
715,
25726,
26378,
21197,
12985,
21509,
19554,
24734,12 
15339,
483,3 
6675,30 
15445,
22563,
13437,2 
680,0 3 
20904,2 
8159,
18845,
176,
16482,30 
24668,
24494,
3357,
8055,0 
2817,
25168,12 
14738,
19442,
26241,
21939,28 
7602,2 
9827,
14082,3 
609,
26724,
3049,
24306,2 
21549,
6363,
9430,
22572,2 
18076,
204,27 28 
16598,2 
12962,28 
22240,2 
22491,
17426,30 
6097,
21575,28 
17424,12 
1947,
21859,
24762,
27006,
4820,
1232,
9853,
22069,19 
25078,12 28 
25565,
26318,
314,
12989,
8662,
20117,
21226,12 
26987,
16641,
22126,28 
15205,
7695,12 
17454,
26863,
9388,
24828,
23472,
21860,
12009,
24371,
20719,
15432,
21395,
10556,3 
25707,
24292,
21379,
25595,12 28 
1426,2 
14339,
26933,
21089,
391,
24392,30 
13243,
15409,
26010,12 
22689,3 
7149,27 
26123,
16246,0 
23121,
7817,
18633,
418,2 
24968,12 
15660,
10884,
18086,
19326,
7920,0 28 
787,27 
26331,27 
8355,
11080,
13142,
1998,
18753,
22271,
26456,27 
2246,
18805,
22996,30 
21339,
11763,
22815,30 
24451,
2812,
25610,27 
15894,12 
24045,3 
26899,
16045,
22657,
23069,2 
105,
4540,
10472,30 
26984,
14324,
4748,
18879,
24606,
25181,12 
25042,
14496,
22831,3 
10043,
26793,
5261,
17031,2 
4465,0 
9386,
689,0 
2623,
20142,0 12 
2776,
7201,
2241,28 
24706,
9978,0 
22428,
25510,
2750,2 
5501,
27012,
22187,
3654,
26255,
25734,
9506,
26402,27 
18749,2 
24193,
1116,
21133,28 
6865,28 
17011,
5403,
26237,
19317,12 
6141,
21452,
22021,
1174,
10865,
22222,
15086,
15573,
26965,30 
492,
19920,0 30 
20671,
11175,
12232,
1070,
20807,
25073,
26629,0 
16403,12 
2267,
19695,
12273,0 
51,
24717,
23419,30 
22380,
25257,
23867,
8747,2 
24714,12 
25379,
26546,
24795,
3516,28 
11534,
7600,
212,
18551,
21167,12 
15908,
23130,
16840,0 2 
10183,0 
21614,
293,
12100,
59,12 
6254,
7537,
23024,
11189,
506,28 
24171,
4515,
21846,
21251,28 
25362,12 
21193,19 
10377,3 
8535,
7447,
26240,
23560,
20445,0 
24453,
10053,
1990,
24939,12 
14741,2 
14891,2 
6103,
24172,3 
677,28 
2005,27 
12397,27 
24786,
6982,
22555,2 
23837,
19309,
17316,0 2 
21960,
5312,27 30 
25234,19 
11576,0 
21468,
22071,27 28 
26184,
1343,
3928,0 
21368,
25387,
9393,
21002,28 
7240,30 
23937,
25445,19 
349,
13313,
18846,2 
23080,
10256,
16359,12 
23230,
18002,20 
73,
12900,
7732,19 
25194,
16709,
23002,0 
24127,
12937,
24971,
3353,
14623,2 
14684,
9560,
14985,
6599,12 
26954,
23276,
20295,
4610,
1040,
22147,
11958,0 
7330,
19215,
22999,30 
15544,
17137,
14728,2 
25242,
6524,
25434,
3038,12 
26662,
13480,
21861,
22444,0 
25731,
21919,
12709,
26478,
9338,
10340,28 
6230,
23153,2 
7433,
26972,
10931,
25166,
15451,
11789,
19457,30 
11805,12 
11524,
18656,
9734,2 
24608,19 
26222,
22306,
25585,
24938,2 
12054,
18540,
6864,12 
26676,
24653,
18454,
12186,
6083,
6186,
16418,
1375,
23090,
1882,
26208,
16535,
26058,
21962,
3317,
614,
11655,2 
23578,
2089,
23921,
23485,3 
12157,
10833,30 
5691,
25921,12 
8252,
22441,
1741,28 
22434,
7195,
10644,
21023,
7710,28 
12509,0 
23060,0 
6581,
4846,
7847,
13116,
8129,
22940,
15538,20 
9405,
2100,12 
25050,
13393,
5483,
16349,0 
20458,0 2 
23743,0 
22802,
2386,
5758,
6040,
12672,
19782,
9603,
2696,2 
15306,
17139,
16545,
5093,30 
21263,
23924,0 
26337,
25711,
22727,0 
23161,0 30 
21407,
26496,
25943,2 
26296,
3700,2 
7539,
15364,
24419,
24525,
23651,
15637,
25378,
20585,2 
13052,
23885,
18187,
26633,
25748,
26810,
4127,27 
11613,
24418,
10361,27 
25356,
25753,
26390,27 
19522,
1100,
17353,
14742,
22906,
18252,
15185,
22954,
21668,12 28 
23795,0 
24103,
24220,
26397,
13381,12 
12871,
24960,
23912,
14542,
21621,0 
24680,
22547,
1964,20 
24189,
20632,
22398,
21620,19 
2701,
14048,12 
20710,
7891,
25314,
22496,
25533,12 
21528,
23222,2 
10802,
14540,
19067,12 28 
24110,
412,
7256,3 
22845,
22763,28 
15454,
24136,
18154,19 
26869,
24166,
18724,
7637,2 
10070,
400,0 
23375,0 
19860,
20629,
200,
27019,19 
5072,0 
20782,3 
24659,
154,27 
463,
21279,12 
26392,
26422,
23703,2 
2523,19 
19012,
22512,0 
19136,
25419,
19622,28 
6342,
9082,
25780,0 
5359,
26567,
4556,
24388,
26911,
19324,
23217,
16839,
24928,12 
12610,
18408,2 
6561,
26698,
2952,
8978,
4742,
10788,
17375,
19130,
21409,
14495,
5190,12 
20492,2 
9763,
1774,
11603,2 
6266,
21994,
702,
21118,
16181,
15799,0 
10194,2 
97,27 
14554,
5823,
22847,
24715,19 
8597,
20794,
23642,2 
20408,
16389,0 30 
23722,0 
25966,
9523,
26234,27 
13385,
5932,0 
26536,
24661,12 
422,
24935,0 
4778,
8925,0 
24429,
18988,
2685,
8160,2 
24185,0 
21915,
26734,0 
21532,19 
9159,28 
7560,0 
26647,
24229,2 
23712,
2572,0 
1779,
22045,
26355,
24777,
25626,
628,12 
2380,27 
26261,
26481,
12687,
22203,
2852,
25013,
18091,0 
24802,
21493,
25054,
10593,0 
22233,
21825,
24484,
24569,
16849,
15581,28 
23174,
22166,19 
22526,
3873,
24733,12 28 
19384,
2239,19 
6157,
20475,
23444,0 
27011,2 
75,
22963,3 
18967,
25125,0 
20243,0 
2901,
17166,3 
6012,
23223,
26568,28 
5388,0 
24840,0 12 
23119,
21367,
9610,
21878,
24479,
4845,
8982,
5737,30 
24685,
20225,
167,
6758,
3390,
522,0 
23435,0 
22778,2 
334,
3561,
16485,12 28 
9266,3 
22265,3 
26729,
21971,28 
13664,
22587,0 
22971,
23227,
7740,2 
26249,
26223,
26265,
3170,
17363,28 
21286,28 
10270,
25868,
583,
1924,
22493,0 
19584,12 
22702,0 
25630,
23405,
24092,
15129,
433,
653,
26418,
26957,
18141,
10568,
21757,
26356,
2381,30 
17109,
21931,30 
330,
21710,
2373,
2256,
9229,20 
18901,
18461,12 
9712,
19738,
16736,28 
21593,
6709,
9584,
5243,
24066,1 
22858,0 
5893,27 
5239,
17797,
22052,28 
21769,
25189,
4322,
21210,
7631,
21024,
24121,
26425,
23616,
8458,
25522,
237,
6371,
7076,0 
3391,
24355,
26284,27 
5848,
13535,20 
9118,19 
2648,
12765,
21110,
26389,
17296,
26744,
22776,
23618,0 
611,
21028,28 
24128,
11223,12 
26658,19 
22283,
21650,
11453,0 
9146,
19851,28 
26185,
21683,28 
26783,
18850,
23628,
2823,19 
23097,
19468,12 
9016,
19406,
20733,27 
18614,
16758,
2793,30 
26961,
19527,
21134,28 
21540,
21342,0 
14582,
25034,12 
20815,2 
675,
4888,2 
7190,
13391,
7501,
24958,
20079,2 
19893,
20463,
23468,3 
18535,
3179,12 
4526,
24376,
17927,
19013,
13691,
8868,
15391,
15357,
25566,0 27 
23437,
23779,0 
17434,
1114,
24847,
8650,
10299,
20958,
2322,
26529,
576,
24443,0 
22980,
21690,28 
16147,
19867,30 
22422,
24895,
11597,
6878,12 
9009,0 
23729,
23606,
23987,
5765,
23695,
20931,0 
15946,
10751,0 
20565,
21323,
11745,
6605,
20786,
20869,12 
10127,19 
16996,
6389,
11592,
25712,
26555,12 
17712,
18131,
20358,28 
20524,
23037,
3735,
16906,
20723,30 
4413,
2007,
2115,12 
23736,0 
25224,
5209,
24771,
2729,
8427,
23474,2 
25193,
11937,
21819,
15326,30 
15467,28 
25161,
24012,2 
20874,
23370,19 
25507,12 
8178,
10057,12 
22793,
23355,2 
8970,
20433,
23972,
4065,12 
2254,
5599,
647,
21285,
20634,
13713,
582,12 28 
25480,12 
8282,
7938,0 
25504,
19970,
21664,28 
21750,
15337,
6892,
19682,
19817,
21191,19 
22760,
26541,
16283,
304,
18495,
23851,
14307,0 
6673,19 
11825,28 
25970,
11328,12 
20028,
411,
26357,
10651,
8869,
23272,2 
22862,
21462,
10882,
6433,27 
8889,
21949,28 30 
2693,
2512,
24488,
4174,
4499,12 
11927,19 
14772,
16007,2 
1017,12 
7238,
10345,
4511,0 28 
17572,
9075,
19232,3 30 
21708,
964,28 
13345,
23815,0 
21451,
20397,
17431,
7104,
19910,3 
4043,
25660,
21431,
10364,
10320,
25496,
21676,
844,28 
23225,
5862,12 
25299,12 
20657,
10182,2 
24729,0 2 
20685,28 
25081,12 
1524,27 
5161,12 
17724,12 
22124,
25669,
11410,
23138,
23595,
20696,19 
5448,
22707,3 
26930,
23054,
5770,
22077,28 
25472,
22136,
3629,
22270,28 
10226,
19455,2 
22579,
9434,28 
19626,
23590,
24248,2 
21139,28 
10681,
18172,0 
16500,27 
24691,20 
8258,
26437,27 
710,
24332,0 
24487,
25915,
21922,28 
25240,
22393,
9798,
24751,0 12 
25692,
25481,12 
205,
14998,
24090,3 
23072,
7934,
13598,28 
22609,
19265,
8755,
9052,
6286,
21461,
22369,
23715,
25968,
24275,
22363,
24791,0 
3364,0 
10208,12 28 
23414,2 
26054,
9791,20 
18155,
25145,
17681,
14230,
19448,
26061,
11336,
10964,
21183,28 
26101,
23639,
24351,2 
22916,
24350,
21189,
25875,
21858,28 
22513,
21427,12 
25229,
1370,
26683,
25918,27 
24122,2 
5446,
25874,
20096,2 
26335,
14343,
21330,
3989,
20348,0 
10627,
25810,
10329,
17222,
4524,
4124,
516,
23974,
25144,
26119,
2673,
11270,
12722,
23538,
9711,30 
24133,
24514,0 
21856,
18875,
6042,
21098,
20992,
21921,
14970,
20957,
15952,0 
25674,
11816,
13346,
617,28 
26084,
20982,0 
10032,
24340,
22884,
22251,0 
19257,
4833,3 
22617,
24011,
13951,
18402,
7273,
23051,
9956,
16497,
25149,
12603,
16566,
25795,
7870,
9401,
8065,
6515,
803,19 
17428,3 
7281,
16420,
15115,2 
23584,
17124,0 
22654,
7177,
484,
11327,
5755,
20683,
10614,
21059,28 
169,
25275,
1080,3 
12882,
15595,
6702,2 
26983,
22969,
20991,
24267,
8044,
21201,12 
23488,
23807,
22332,
26380,
6285,
21709,
20789,
24373,
25681,
2886,
19475,
2620,
22495,
13790,2 
23797,
23975,
8097,
22078,
20535,2 
14352,
17092,
11974,
7015,
25119,
24291,
21374,
22412,
22500,0 
24430,
20641,28 
16410,
9178,
23998,
6365,0 
26674,12 
12314,
21639,
17354,12 
25292,
24417,
15703,
20502,3 
23213,0 30 
2487,
21993,
2658,
23165,
26878,
14762,
681,30 
10360,2 
23127,
7887,
21928,
4489,3 30 
26774,
1432,
22701,
25097,
11686,
27037,
23737,
21739,
25159,12 
21155,
25158,
8080,
1576,
25931,19 
14261,
22487,
8463,2 
26369,27 
20135,
17417,
24621,12 
25383,
10929,12 
15006,
17319,
22480,
23557,
9101,
12749,
1013,
26149,
20917,28 
9315,
26415,27 
2,
23537,
18707,
23730,
24975,
14043,28 
23392,
9138,
7811,
4112,12 
24985,
12484,
21121,12 
10597,
4859,30 
25900,
24595,
22258,
16248,
25185,
32,
11978,28 
16276,
13901,
23481,
3788,
22013,
3830,
25855,12 27 
23709,0 
12539,30 
24858,
3624,
20530,2 
22628,
26257,
17333,
24532,
17091,
3240,
26861,30 
4560,
20955,
20151,12 
305,12 
11369,
26874,
8365,
26099,27 
24183,
10584,
4966,
24378,12 
5451,
20684,
3966,
23105,
22328,0 
18811,
7466,
9644,
24831,
25696,
301,20 
23801,
25191,
24079,
13361,27 
23092,
15530,
24588,
21807,
19139,
5616,
22718,0 12 
601,
21467,12 
21321,
10959,
10309,
25428,12 
5778,2 
21474,
24826,
9552,
5685,
21449,
9799,
23064,
9566,
20293,0 
2631,
20586,0 
25329,
23770,3 
23480,
24872,
4541,28 
26990,
26429,
23981,0 
25530,12 
13513,19 
21304,
23015,
3604,12 
4952,
7855,
21651,
23789,
21965,
5339,
22743,
1655,
23592,
23467,0 3 
21088,30 
14857,
14394,28 
25524,28 
22101,20 
24655,
17824,
357,
24152,0 
7825,
15184,
2237,12 
25754,
21725,
26952,
19826,
22546,12 
21291,12 28 
22814,
3137,
24627,12 28 
6669,
25102,
26612,0 27 
6027,20 
8343,12 28 
21809,
4565,
20080,
11429,
1413,2 
893,0 
23956,
23489,
198,
21656,12 
13991,
22485,2 
11085,12 
2162,3 
25547,
26876,
13899,
22898,2 
11883,
6809,
4868,
8479,
23761,2 
12367,
1867,
21523,
23556,2 
8960,
26238,
6030,
8705,
564,
5815,
7478,
15528,
25421,12 
9475,0 
20491,0 
328,
7520,
1638,
16148,
3217,
24533,
19593,
24669,
24366,
10114,
26373,
19799,27 
23527,
25259,12 
22479,
12516,2 
20073,28 
23007,
18329,3 
12854,
693,12 
11253,28 
7792,0 
6813,
17901,12 
5713,
866,27 
18549,
18196,
25560,
21735,28 
2873,
20518,
25733,
23231,
24916,
23516,
20763,28 
15983,
25230,
315,
24085,2 
9423,
9343,
24547,
1534,
17487,
26794,
22001,12 
9195,12 
20579,0 
15416,
18463,0 
22155,
663,
26552,
17940,
24850,
5356,3 
14405,
6966,27 
25667,
10853,12 
21761,
24978,12 28 
15291,
13290,
8954,2 
21495,
298,12 
6020,
11147,
26696,
445,12 
25814,2 
22183,
8243,
21988,
1183,12 
26574,19 
26043,
14514,
24343,2 
12512,
7068,
17666,2 
24450,
24626,
7490,0 12 
26914,
20799,
17261,12 
364,
26645,
4940,
17863,
11448,
19372,0 
15851,12 
7017,
407,
13303,30 
24800,
17730,
25820,19 
23023,
1511,
26654,
15951,12 
26200,
23417,
22438,
20664,28 
26867,
9323,0 
7045,0 
7461,12 
19392,
18574,
24342,
12398,
7019,12 
21240,28 
25327,
21978,
19219,
5871,
25822,
26316,
23212,
16855,
25491,0 
22779,
25220,
21518,
26480,
23322,
25924,
23394,30 
20830,
172,27 
19697,
8985,
9963,
19152,
24153,
23166,
4234,3 
17778,
23784,
1822,
5973,0 
24943,12 
5344,
24018,2 
23512,
12623,
22094,28 
15876,
6753,
17295,0 30 
22792,19 
6848,
17234,
26976,
11693,3 30 
25227,12 
1744,
8805,28 
26283,
22244,28 
24169,0 
14768,
17499,
21863,
21885,
22067,28 
1693,
5720,12 
565,
25414,12 
21404,
24974,
9818,
26464,
17736,
24851,
5682,0 
6741,
5394,
21940,28 
26935,
12101,12 
9955,
26495,
19040,
2029,
13621,2 
7923,28 
21625,
24757,
7561,
742,
3027,
23116,
15782,30 
18208,12 
12383,
24817,
4976,0 
7712,28 
23735,
21816,
21867,
26887,
7830,
20071,
24513,12 
26507,
6624,
20954,20 
21397,
26809,
1518,
26,
11529,
6521,
5878,
4196,0 
10799,0 
3922,28 
17897,20 
18451,12 
15746,
7868,19 
21548,
18324,
13061,
7120,0 
2049,0 
8486,12 
26664,
2714,
13982,
25067,
4217,2 
9855,
6014,
24047,
18543,
4815,
20347,
7250,
21944,
24269,20 
3615,
25122,
1561,
25216,
14116,
4440,
9173,
14152,
14102,
12222,
4255,
22044,
6322,
786,
26003,
24081,
13452,
23378,
6139,
22854,27 
14975,12 
311,
17948,30 
26851,
3853,30 
26578,
580,
3890,
11632,
17484,
18149,
18298,
25503,12 
19386,
10950,
26949,
4872,
4950,
21144,
22808,
21354,28 
22717,
26462,27 
26690,
3495,
22933,
24624,12 
5603,
24907,20 
2216,
22606,
10749,2 
22234,2 
4900,12 
25269,
11209,
25091,
15757,
21659,
9530,
2742,12 27 
25543,12 
9233,2 
21911,28 
22804,
24813,
25864,
7126,0 
14071,12 
8683,
25890,
155,
4997,
24866,
15344,19 
782,
2448,0 27 
3198,
24386,
6381,
4185,
16765,
11951,
14046,
24028,
22255,
23808,
21762,
20242,
22750,
22595,
6870,
25201,
12137,
20801,
22268,2 
23204,
24505,
3097,
22697,
26285,19 
25869,
13034,19 
9095,12 
26371,
9181,
26430,
458,
1703,0 
1205,
14013,2 
7800,
25441,19 
26433,
23337,
25587,12 28 
15200,12 
20642,
9112,
25461,
5719,
20988,12 
21716,
23088,30 
12376,
23271,
15386,
22057,28 
1981,
6379,28 
7627,0 
22521,
20714,0 
6724,
21894,19 
20850,28 
25600,
23962,
12704,
26686,12 
3492,2 
22748,
25509,
17244,
10173,
16470,
26120,
2903,
20749,
26747,
19787,
21090,19 
19099,
4547,12 
18183,
5819,
20956,
1267,28 
23660,0 
26383,
9987,
22442,12 
23266,
2018,
868,0 28 
21247,28 
12414,
22786,
8014,12 
20800,
19836,
23260,
6161,
21063,12 
10890,
20652,
536,
23360,0 
496,
26406,
23477,
25905,
22955,19 
22387,0 
22213,12 
17900,
14330,
24880,
65,0 
18712,
19564,
22764,
3856,
25184,
1385,
18490,
20947,
25179,
26594,
17700,
22974,0 30 
11491,
12893,
25884,
13273,2 
17837,
21037,
5427,
26103,
9897,
3241,
26657,
21942,19 
14063,
20903,20 
25718,
6010,28 
10109,
108,
1250,
503,12 
23701,2 
21369,0 
636,12 
17672,
5522,28 
14512,
24863,
22921,
11798,
26398,27 
25440,
17918,
10450,19 
26256,27 
15903,
5232,28 
25501,
20161,
22565,
20527,2 
26806,
25209,
26883,
21128,
20966,12 
23731,0 2 
20690,
64,
23649,2 
17638,
24328,2 
22605,
20678,
8963,
4862,
8996,28 
23526,3 
7449,
22008,
25812,27 
25029,19 
9801,
23764,0 
4457,
21897,28 
23408,
22127,28 
20785,28 
4009,
5703,
26269,
25981,
13357,2 
21805,
25084,3 
22855,
20447,
19402,28 
13956,
25947,
20620,0 2 
223,
21606,
22169,
278,0 
20144,
5546,
26635,2 
26192,
18058,
19361,
4478,0 
23758,
23833,
22065,
14069,
18087,
554,
20861,
3837,
127,
23906,
16183,2 
26846,
1350,
4306,2 
21849,
346,
16412,
26332,
7650,12 
19069,
2808,
20909,
92,28 
26186,
26932,30 
2687,
5906,
2057,
22289,
15257,
14832,
4160,3 
12891,12 
22807,
24720,
21258,28 
25791,
919,0 
13398,
20088,2 
17211,
3429,2 
4158,
21678,12 
14436,
21644,
1532,30 
517,30 
9704,
6655,
26417,
385,
10150,
20503,2 
20640,28 
6372,19 
10742,
3430,
3682,
13119,
25935,
7680,
22236,
26107,20 
25527,12 
19922,
26188,
755,
22929,
5816,12 
20839,
8515,2 
2156,
25825,0 
2577,
1355,
1814,
12407,
25568,
22896,
20655,
21158,
9889,
13279,
22469,
20713,
25784,
22117,28 
2624,
21740,
22017,
15680,
27010,
26738,
22211,
20674,
18108,20 
26515,
26504,19 
20431,
4117,
26528,28 
1284,
2496,0 
25139,12 
25827,
9063,
19295,
16622,
705,12 28 
17300,2 
7460,0 
26250,
22798,
20937,
23884,
574,27 
495,
25747,0 
5944,
26545,
26064,
6029,
20666,28 
20989,
24489,
18764,
22292,
6399,0 3 
23169,
9753,
26081,
2666,30 
5200,
19517,
6771,
20572,0 
25321,
14964,
20420,0 
17831,
230,
3150,
17340,0 
22455,
25559,
22302,2 
6135,
22175,
24580,12 
25655,
25465,
21241,28 
22822,
25962,
3426,2 
25325,
23882,
7196,
23754,3 
6528,
2824,
18702,
10118,2 
11877,
12090,2 
24099,
18480,
18929,
6750,
12781,0 
23041,3 
15722,
9972,2 
25128,2 
22943,
20284,
4178,
8901,
639,
4685,2 
22770,30 
26005,
7286,
22648,27 
10661,
21235,
25843,
18023,
9592,
1800,
20522,
21256,
5155,
22450,
23529,
22223,
7590,19 
13014,27 
19360,
7946,
24472,
14215,0 2 
20223,
24604,20 
22181,
5721,
1658,
20999,12 
2792,2 
16538,
20085,
9109,
4639,
4617,
23184,30 
24809,
20673,
7268,28 
15507,
12239,
2477,
21222,
451,
27001,
24579,12 
24383,0 
20846,
6028,
10867,
15791,
23460,0 
20648,
2940,30 
4974,0 
598,
13870,
13422,2 
4990,
11732,
8537,20 
23681,
21770,
18212,
18834,3 
14958,19 
22026,
21565,
24965,
26293,27 
5605,
5126,12 
20775,28 
23663,0 
2166,
1478,
19530,27 
8506,
18428,28 
13143,
12426,
20637,28 
20538,0 
5531,
701,
12357,
5398,
2255,
15101,2 
1113,
1075,
8583,
17026,
15925,
21562,
24254,
19349,
5479,
23140,
13891,
25167,2 
17539,
654,
23611,19 
6257,
21751,
12354,0 
11216,30 
5743,30 
23654,
8231,0 28 
20962,27 
5968,
10636,
1566,
9003,
24534,
4315,12 
17393,
24158,0 
1602,
26039,
19105,
2547,
5902,
23086,2 
10258,
10002,0 
22297,
16694,
13425,
390,
76,
20507,
24245,20 
3199,
20976,28 
14758,12 28 
20840,
16107,27 
6270,
21175,
20412,
26272,
17513,
741,
5455,
24502,12 
24471,
11322,
21879,12 
26589,
523,
22081,
15844,
26974,2 
20411,
6559,27 
17906,
25374,
22461,2 
16151,2 
16695,
3582,
23269,
7426,
21283,
4239,
10571,
20877,28 
25976,
25616,
20436,2 
869,
1128,
11197,
25995,
4570,
16459,
17525,
21670,
23120,
20761,0 
24549,28 
14748,
21485,19 
25609,
23966,
24084,2 
23813,
17282,
22993,
24168,
25686,
15026,
11725,3 
26375,
13082,
4575,
1686,0 
24058,
24438,30 
11913,
23398,
3827,
19598,
26170,27 
8678,19 
20470,
3658,0 
25061,
18245,
6296,
25550,
24878,0 30 
24586,
11090,
21115,28 
25889,
22404,2 
2798,
17093,
26461,19 
20698,
8362,0 
21412,
26221,
251,
21219,
22554,
11008,
6737,
18789,0 
363,
14507,
26347,
7162,12 
26459,
19938,
25906,0 12 
140,
4631,
16813,
12861,
23458,0 2 
7112,20 
5357,
10800,
20037,
20372,
22018,
22285,0 
24063,
5654,
3456,
20076,
25508,
2387,3 27 
24098,
15227,
8386,
24301,2 
22583,20 
11583,2 
20157,27 
18395,
22072,
19832,
1599,
2328,
24698,
8552,
14221,
20851,
3767,
23178,
13759,
9199,
4149,
23658,2 
7512,27 
10054,
7160,
25714,
23117,30 
24148,
10563,
2556,0 
17946,30 
24475,
5461,28 
26391,
20699,
26875,
5596,12 
24560,
24416,
21822,28 
109,12 
165,
27028,0 
23455,
228,
18513,
10116,19 
20457,
1300,0 28 
12050,2 
22128,
235,19 
6009,
10358,
5005,2 
26877,
24888,
1410,
17105,
21333,19 
1929,
19198,
4939,28 
24147,
23356,2 
24352,
19795,3 
2120,
25070,28 
26395,
24064,
22145,
25910,0 
25925,
17278,
8261,3 
6473,19 
26532,
9008,
15536,
26421,
21743,
17640,
14671,
26160,
21245,20 
618,12 28 
24065,
10215,
19344,
18784,
11985,
26446,
25343,
22881,
15073,3 
16807,
13840,
24984,
19507,12 
25934,
23666,
26622,0 
3597,
10015,
26782,
11970,
24333,
22758,
13136,
19745,
22775,
22882,12 
5725,
20677,
24049,0 
4654,12 
26998,
9010,
15634,
13251,20 
25871,
24631,12 
7074,
12642,
22528,
19409,
26835,
4577,
7176,2 
23627,
10739,27 
10052,28 
24890,
21163,12 
23190,
23810,2 
18147,12 28 
2368,
3647,30 
23626,
22624,
24336,
21545,
11596,
26816,
22981,
500,
2504,0 12 
676,27 
22015,
26638,0 
17313,28 
272,28 
2848,
26423,27 
22912,30 
22323,28 
23431,
8727,
5635,0 
2918,0 
25899,
14815,
671,
26748,
11,
657,0 
25670,
21486,
670,12 
296,28 
26510,
2660,12 
22060,
26737,12 
23192,
12629,
4754,12 28 
23646,2 
10783,
19567,30 
16961,
22640,
24015,
24482,
21100,19 
659,
25958,27 
13045,
26485,
5174,
6248,
9410,
25922,27 
16754,12 
16542,
18751,
21126,
22281,
26964,
21929,
288,0 
17629,
24573,
16084,28 
1733,
24407,
3393,
26557,
17468,
14986,
18795,
24629,
1214,2 
10736,
19880,
22729,3 
25157,0 
10003,
6609,2 
13076,12 
13757,
10198,
8455,12 28 
26779,
26678,
186,
164,
24421,
20630,
23587,
25546,
12784,3 
104,2 
23113,27 
24854,
23622,
26474,
10021,
25928,
21270,28 
12924,
26615,
1850,
12753,
21647,19 
17440,
23148,
25612,
12061,
2154,
2975,2 
10537,0 
21906,
21303,12 
8025,2 
329,12 
21202,12 28 
9369,28 
9991,
8544,0 
20860,28 
277,20 
22557,
22068,
22835,
18209,27 
18699,
20911,
16582,
23726,0 
18599,
22773,
22064,
6501,
22832,2 
18591,12 
18630,
23769,
21535,
21334,
25511,
22436,
23040,
7766,
27021,
5183,
26499,27 
20435,0 
25739,
24915,
24304,0 
9902,
14594,2 
9531,
21264,12 
26340,
25448,12 28 
18780,12 
13931,
4733,
22102,28 
20946,
16994,2 
18986,3 
26351,
15235,
26441,
9129,
5751,
26154,
8341,12 
858,0 
9550,
24288,28 
24623,
26213,
23888,2 
4214,
3662,
23528,0 
21228,
340,
9505,
10616,12 
2598,
23205,
8944,
18192,12 
9213,
16795,
6041,2 
13843,
6216,
1330,
10308,30 
16928,
3245,
732,19 
13342,
16639,
26321,
10046,12 
22243,
18045,
24119,2 
24737,
12124,12 
20276,
8618,
5798,2 
17478,
20938,
9742,12 28 
365,
20822,
22736,
24454,
16219,19 
26018,
26808,12 
18726,
24401,
17905,12 
7516,
15574,
22700,
23661,0 
17523,
21679,
26927,
8193,12 
23999,2 
643,30 
9148,2 
22416,19 
22420,
26551,
23549,
20121,
3512,
25375,12 
22644,0 
24102,
1587,
16762,
21778,
10363,12 
26665,
15674,
8239,
25800,
20783,
16253,0 
10244,
11616,0 
26508,
21325,
22173,12 
15518,
8756,
13024,
5895,
22678,2 
19596,
24948,
14485,
22633,
20234,
7009,12 
9020,
18158,
3938,
21663,27 
5516,12 
25037,
13322,
20934,
25293,12 
19882,
11799,
21117,
56,
26905,
20888,
5647,12 
24893,
13359,
21557,
15223,
24062,
8404,
26754,
23255,
26720,12 
26350,27 
7816,0 27 
22712,
8501,
23122,
11355,
26859,
8103,30 
24108,2 
26989,30 
123,
21951,
13256,
25124,28 
2279,0 
12754,
18006,
24364,
16338,2 
25214,
12154,
14955,
19900,
22191,
4953,0 
1936,
16275,
21207,19 
262,
7167,
4167,
2467,
22990,30 
25891,
23905,
16752,
23952,2 
24219,
23923,2 
718,
23438,0 
26290,
23831,
2406,0 
4180,
26924,0 30 
24397,19 
24871,3 
18447,
7307,
14866,
13868,27 
5116,
8743,
24493,
19621,
1172,2 
8443,
15011,
25960,2 
8091,
8350,
23601,
11936,
24848,
14084,
10527,
5492,12 
25520,20 
556,
22844,
5986,
5242,
23806,2 
166,
24785,
20665,
16926,12 28 
10780,12 28 
12128,
33,
474,
23760,
116,
24519,
24515,
3037,
19825,
6765,
8923,
6178,
10763,
8030,
26093,
17472,
4425,28 
15792,12 
16728,0 
22395,0 12 
23692,
15126,
22038,28 
24853,0 
20277,
5847,
5579,12 
4060,
25416,12 
24200,0 
26795,
25351,
12732,20 
21195,28 
15770,
21306,
10824,0 3 
8580,2 
23554,
161,
20153,
23226,
21672,27 
16206,12 
26114,27 
5035,
24446,
7947,
234,2 
6888,
20868,
17689,0 2 
6105,
12583,0 
7607,12 
24209,
261,30 
21456,12 
26813,
18482,12 
23162,
15628,2 
21392,
18868,0 
1132,
20762,0 
23295,2 
24609,
24901,
23524,
24977,
12345,28 
21215,19 
23534,
7764,27 
23766,
22430,
24322,2 
13042,
6387,
13218,
17630,
25937,
9377,
302,
11860,
18379,
26671,28 
26732,
17658,2 
10670,
22576,
1283,28 
2830,
25038,28 
14464,3 
25116,19 
7701,
17224,
23881,2 
545,
9903,2 
22733,
16746,
25603,
25802,
62,
23304,
7667,
23498,
20343,
25022,
6054,28 
23102,
9970,
21552,28 
5033,
23814,
13605,3 
23035,
24582,12 
13765,
26287,
25169,
7515,
15388,
8561,
3951,0 
22291,
20540,
24187,
16170,
4979,
10718,2 
25908,12 
22838,0 
8545,
20923,0 
13887,0 
23733,2 
9985,
1170,
4483,
22762,
18372,2 
23908,0 
10535,12 
21948,
5134,
22231,
19270,
22755,
5958,
21653,27 
19336,
17359,
25382,
8219,
22403,
1539,
15542,
25059,20 
24029,
2324,
13793,
23713,0 
1485,
24896,
5606,
3008,12 
19941,28 
25613,
18663,3 
21114,
1474,
4579,
12858,
25888,
19548,
21983,
23985,
20395,
17148,2 
23268,
16270,
26219,
16671,
6247,
10442,
925,
23672,0 
25664,19 
16057,0 
21752,
25807,
23319,
4150,
12880,
2534,
4646,
19915,
7514,
23699,
25165,0 
22910,
25439,
26703,
409,
12476,
586,27 
9960,
24139,
21731,28 
8721,
26447,
537,
21022,28 
8280,
13913,
22593,0 
23655,0 
22658,
14117,
7280,
2174,
26503,
20119,
20908,
21410,
747,
2596,
8297,
24126,3 
2683,
25002,19 
15247,
8016,3 
14956,
23685,
3102,
19481,27 
14515,
23860,
21105,
538,
3002,
512,
17957,
19127,19 
13111,
1169,
22728,
954,
12127,0 
11910,
13366,
21177,
14531,
15050,
6402,
26740,
24080,
22356,0 
18774,
20927,
240,2 
26169,
21003,
25372,
25057,
23901,
24155,
25641,20 
4230,
22219,
10211,
249,
5589,0 
23106,0 
2703,
1281,
20700,2 
23547,
19075,
9954,
24664,
3024,
18564,28 
4309,
26187,
5622,
25279,
10414,
17394,
11679,
23928,
26493,
60,
23336,0 
16074,
12098,
18011,
6423,
5187,
10203,
1890,
24448,
20543,
22154,
25532,12 
13755,0 
306,12 
23849,2 
13726,
26870,
7546,
24498,12 
1204,12 
25330,
23950,
16561,27 
23180,
19980,12 
26733,
6442,
18383,12 
10995,
24078,
4480,0 
13266,28 
6587,12 
23239,2 
17662,
19639,
22402,
17982,
114,
23997,
11539,12 
21569,
8322,12 
4186,
7211,
1620,2 
26709,
20548,
24931,
13507,
22514,
21116,28 
23835,0 
25396,19 
21969,
17827,12 
13057,
21205,
15697,0 27 
11479,
8383,
7396,
26832,27 
22611,
25324,20 
21345,
4743,
20598,2 
2513,
18394,3 
19483,
23594,
22421,
487,
21888,
6348,0 
1772,2 
21645,
22823,
22296,3 
26203,
16454,
18423,
19641,
25963,0 27 
21775,
16447,
23982,
44,
4561,
13444,12 
23704,2 
9820,
19339,
16073,12 
21713,12 
8222,
22538,
631,
17161,
4875,
3850,
8792,
16065,12 
15000,12 28 
25513,12 
16520,
24480,
8824,
3365,
5933,0 
6960,
18674,
21995,
24230,
20506,
3411,
13611,
13363,
26011,
26109,
25946,
22986,
22782,
23270,
26634,
15827,
5206,12 28 
22204,
25557,27 
25174,
18113,
21143,12 
10845,0 
23361,
16015,
12599,
10368,
26157,
27003,28 
11481,2 
6162,20 
26148,
12244,30 
18939,
6546,
23914,2 
25317,
21542,
25841,
5949,12 
25221,
19102,
22559,
25758,
21520,
6935,
22089,
6167,27 
21033,12 
24748,
26306,
26822,
20965,12 28 
26112,12 
24184,
26096,
24754,
22110,
14195,0 
26706,28 
23350,
4323,
21227,
310,
17843,0 
21505,
23402,
1932,20 
15078,
18440,
16836,
21216,
23020,
283,
13986,12 
26778,
134,
24894,
403,
26617,2 
9536,
927,12 
24295,
4981,
22109,28 
21268,
25319,12 
8509,
10872,
16402,
448,12 
16142,
16256,
24042,
472,
26068,
20414,
24357,
25358,
8309,
24313,
9634,
10855,12 
1762,
26032,
21655,
18281,12 
17546,20 
37,
12130,
6298,
26310,27 
21818,
23182,
25140,
26280,
1877,
7733,
17826,
24349,
22863,
8797,12 28 
12661,12 
7525,0 
623,
508,
17447,3 
23273,
23582,
25730,
9033,2 
9737,3 
18503,
15529,2 
23540,
23518,
24344,
6264,
10843,2 
13560,
8899,
10755,
23968,
6378,
26921,
25549,
16759,
13889,12 
24816,
26969,
2987,
8423,
16188,12 
13877,
3862,
3726,28 
14228,
21027,
4290,
21636,20 
22311,2 
18807,30 
1831,
24025,
12495,2 
19225,
22516,
11283,
24329,
22194,
3780,
12330,
22014,
10233,
23869,
9789,28 
22116,
22318,
21445,
13207,
14617,
6911,2 
10794,0 
8760,2 
25561,
22876,0 
22737,
11385,19 
24546,12 27 
18887,
25354,12 
216,28 
8776,
21182,28 
23423,
203,0 
11500,
22976,
26554,
18164,
14943,0 
17344,
15950,
11525,
577,0 
19657,
3229,0 
22361,
22343,
5759,
18026,
6573,
23252,2 
21382,0 
9157,28 
26661,
19477,0 
21729,27 
18293,
25460,
14431,
26365,
2716,
18082,
23954,2 
20996,
6553,0 
10386,12 
10731,
15641,
18963,
13276,
26820,2 
26229,27 
23996,2 
22709,2 
3880,28 
5070,
2626,
20534,0 
2106,2 
1678,
8696,
2188,28 
8088,19 
13201,
21280,
21274,
21127,28 
20990,28 
14618,30 
21833,2 
20968,12 28 
25092,
24231,
231,2 
552,
25407,
12763,28 
7342,12 
22746,3 
15662,
21722,
26281,
26130,
12089,
26330,0 
7906,2 
16626,
17433,12 
21788,
632,0 28 
19410,
8449,0 
26074,
19144,
16646,
11256,
124,
24123,0 
19335,
20389,
21623,
22031,
26439,
20587,
1191,
18027,
22768,
8837,
8396,28 
23890,2 
7340,12 28 
23018,
16596,0 
20328,
3863,12 
14311,0 
9452,
178,2 
20077,
22925,2 
10952,
15220,2 
10612,
18273,28 
1313,0 
9472,
13856,
21715,
8393,
10838,
2060,28 
24140,3 
6023,
23044,2 
4606,
4056,
19245,
26317,
756,
18185,
25347,
21496,
18872,
1243,3 
25245,
18386,12 
11646,
24570,12 
25136,
19059,12 
17587,28 
6643,
17547,
2559,0 
14911,2 
16644,
8919,3 
26741,
531,0 
24869,
299,28 
2668,3 
6429,
19026,
24578,28 
24044,
26048,
22394,28 
25829,
21157,
22115,
20814,
21179,
10149,
380,
21097,
18378,
7962,12 
1986,
17937,
23521,2 
6552,28 
15540,28 
26937,
4257,0 12 
5850,
8653,30 
21884,
11873,28 
9581,
13155,
23691,2 
21036,0 
25823,
21293,
6707,2 
25222,27 
10264,
24721,12 28 
21190,
21721,28 
21068,
2429,
17114,
21394,27 
24056,
25355,
23720,2 
6265,2 
6831,
6263,
20694,
5899,2 
8654,0 
22184,
24298,
24957,12 
24440,
8567,0 
23335,2 
6447,
15197,
22505,
13365,28 
24506,
19032,
22451,
736,
20667,
21554,27 
20986,0 
20606,0 
26768,12 
20676,28 
10218,
22781,2 
22959,
265,
16167,12 
26521,
6076,
24296,
19995,27 
12777,
9152,
1646,
3215,
7239,
26153,
3867,12 
21038,
6608,
5689,
21072,
16304,28 
26190,
26670,12 27 
14264,12 
6794,
23562,2 
7535,12 
16124,
341,
10733,2 
11294,
15761,
24142,
5305,
16135,2 
23552,2 
18221,12 
15298,
1083,
24852,
23798,
24396,
7665,
5371,
23978,
20682,
18165,0 
6218,28 
14583,
20672,
21326,28 
17365,
4837,
1419,
23543,
22518,0 2 
14226,0 
24677,
24468,
25589,
14837,
6421,
17474,
5503,2 
18188,
23310,0 
14460,
665,19 
5445,12 
20893,
464,12 
19713,
2573,19 
18117,12 28 
13174,0 
7895,12 
25866,
17425,
11722,
4378,
22599,
25751,
4450,
22597,
24930,12 
2985,
18775,
4771,
24634,
21914,28 
25682,27 
22970,
332,
16859,
20681,28 
8880,
6250,
26598,
1120,
1746,
933,
23279,2 
20716,
22708,
20551,
1530,
14921,3 
21719,
16102,
24796,2 
24882,
562,
26388,
16980,
21004,
9525,12 
2956,12 28 
10988,0 12 28 30 
16586,30 
19465,
18265,
9432,12 
26209,
22680,2 
21685,
25198,12 
2743,
24571,
8565,0 12 
15948,
15186,12 
13833,
18612,
23224,2 
8927,
15760,
24656,
15865,0 
20856,
24728,19 
8135,
8006,
5146,19 
14626,
3683,20 
22987,
9504,0 
6645,
7629,
25815,
22800,
26917,
25393,
11271,12 
13193,
20615,
14422,2 
881,
14736,
575,28 
20523,2 
23404,
9355,
24540,12 
10714,2 
26015,
13301,
25593,
11061,
2296,20 
386,
337,
5964,
4539,
12425,
14301,
4300,
6979,
23385,0 
22091,
26725,
16787,
17737,12 27 
18926,3 
27004,
26131,
26786,
12698,
21764,
21705,
6303,
15599,
2370,0 
26435,27 
23609,0 
16714,
214,
24021,
13108,
21534,
23822,2 
807,12 
24689,28 
20654,
21612,
24474,20 
4326,
20880,12 
17779,19 
21855,
20892,
25666,
21475,19 
19281,
20935,28 
2704,
18186,28 
5563,
21091,30 
6137,
18287,
13281,
26571,
10398,
23028,0 30 
14804,
11044,
16068,0 
25331,
26818,
26603,
19646,
20601,2 
20680,
15015,
23610,0 
25699,0 
22185,12 
23644,3 
24973,12 
543,
13777,
10870,
9459,
14120,
22544,
23787,
15245,
24262,2 
465,
2588,
11944,
16294,2 
18501,
21324,
21017,
21057,12 
25003,
2813,
22780,
26660,
25897,0 12 
21364,
22447,
2706,28 
25492,
23771,
18511,19 
4436,
2720,
14686,
19904,
18618,
15224,
18107,
21823,
26224,
23234,
5724,30 
26178,
22769,
19848,
13751,
26602,
2024,
20895,
21728,27 
2488,20 
11363,
8104,
26059,
14777,
5594,
13235,
21843,
19575,0 
20511,0 
1770,0 3 
26339,
22477,
2599,
21773,28 
20725,
23179,
22674,
25854,19 
6676,
24945,12 
26206,
22352,2 
2195,2 
25536,
9476,12 
18653,
9920,30 
23755,
12197,
22536,
26359,
8592,
25334,12 
1622,
24673,12 
7786,2 
691,
21050,
23433,
23548,
16464,
14973,
26372,
23159,
1575,
5523,
25150,
25973,
25190,
6719,28 
20961,19 
20896,28 
1271,
27,
23870,
2854,0 
1707,12 
21829,
325,
12696,27 
26562,28 
13167,
20780,
21910,28 
8075,0 
25289,
5528,
23288,
24543,
22888,
185,
6679,
20742,
22095,
25405,12 
13,
6431,
22409,
23848,2 
7993,
24577,
10863,
1108,
24912,
8242,
6908,
22859,
4267,
25584,27 
21597,12 28 
25399,
12133,27 
21857,
3422,0 
23145,30 
22927,0 
14136,
26906,
478,12 
19161,0 30 
23656,3 
21261,
359,
22002,28 
12349,3 
20532,
24390,
21162,
24988,12 
21896,
13062,
3140,
21402,
18814,
24660,12 
23817,2 
16414,
224,12 30 
20864,
21041,0 12 
355,20 
24190,
19560,0 
4960,
26031,
23705,
21691,
3859,
358,
26556,
20914,
10461,28 
19323,
20661,
26194,
10893,
2390,
25586,
22331,
3151,2 
20526,3 
16478,
22449,
2802,
24039,2 
23983,
5380,
2320,
11565,
14508,
3994,0 
21194,12 
18412,
3146,
402,
13761,19 
24512,
67,12 
10924,
15309,
11099,
25223,
5536,
837,0 
21377,
6919,2 
19129,
26353,
4395,
15643,
25401,
11244,
2356,12 
21336,
21727,
16305,
26007,30 
9749,
12111,
19414,
21714,28 
7305,30 
24130,
24705,
13742,
6564,0 
22414,
22401,
15589,
14452,
15405,
17039,12 
14868,0 28 
16114,
12999,0 
12261,
16771,
13735,28 
3847,
2777,
5303,
10077,28 
1783,
16348,
4558,2 
6497,
3045,
1488,
20871,28 
13985,
12318,28 
20859,
22632,
3059,12 
24362,
21707,
10104,12 28 
7880,12 
18442,
25620,
11541,
7757,2 
1,
9514,
26994,
24709,
21747,
4535,
10075,
21652,27 
20767,
15655,
25606,
26207,
375,
11286,
1999,
2323,
2934,
225,
21080,12 
4860,
25982,
684,
9490,
561,27 
24208,
11729,
17155,
25466,12 
23875,0 
15307,
26414,
8608,
22308,
1717,
2922,0 
18980,28 
7573,12 
21875,
24161,2 
8658,0 3 
21615,
20905,
6761,
645,
15561,
25701,12 
22975,0 
22275,
22492,0 
22190,
20972,28 
9518,0 
25967,19 
9656,
9453,
2372,
17559,28 
22939,
8522,
15381,19 
2046,
253,
5581,12 
22381,
6352,2 
24427,
24830,
25969,27 
2992,
26026,
21366,3 28 
20038,
21937,28 
22389,
9909,
26600,12 
13075,
4854,
2343,
25883,
21008,12 28 
4777,
14853,
630,
22502,
20468,
22588,
25898,
24599,
4023,2 
26403,
10296,12 
25044,
137,20 
9621,
22934,
20748,28 
24607,
19627,
24900,
23947,
18056,2 
20334,
7605,27 
815,
14021,12 
11818,
24723,20 
15826,
21832,
24986,
6704,28 
1455,
972,12 
16842,
26247,
22063,
8174,
23919,0 
24855,0 
1354,
16216,27 
17745,
20473,0 
2366,
25521,12 
7835,
24359,
23091,
14489,
25961,
10993,12 
260,
20721,3 
10650,
8373,28 
4338,
10574,
25624,
14260,
5294,3 
10228,
5327,
3111,
20835,28 
12218,
18508,
23081,0 
26069,27 
8958,
23696,0 
23125,
20977,28 
17881,
14678,
20536,
16448,
23112,
23903,
10844,
1577,
14079,
4797,
25514,
14993,
4490,
1469,
18946,
25860,
13993,
24610,
22350,2 
40,
24032,
9620,
23588,
2950,12 
22290,
25249,
6290,
26286,
2665,19 
21066,
23739,
12324,
21563,2 
21225,
21693,
23826,3 
22471,
12173,19 
14245,
23854,
103,20 
8235,
6329,
21424,19 
269,
6522,
14801,
23388,2 
24009,
27008,
10020,
4995,
19743,
11550,
24969,
16719,
17963,
22902,2 
6664,0 30 
22086,
5883,
202,
1842,
553,
5571,12 
21047,
17565,
6616,
4199,
26523,
23129,
22515,12 
26721,
16688,
12362,
25264,
18238,
20701,
22092,19 
5980,
7246,
147,
24763,
5007,27 
10773,30 
24650,12 
21758,27 
11864,
22359,0 
23568,2 
4260,
22030,
21192,
3983,
24742,
21129,12 
11769,
26640,
26065,
6446,
24693,
20454,
15606,0 12 30 
10216,
2747,0 
21600,
25954,
24735,
11761,
4319,
23261,0 
25598,28 
6039,
12382,2 
3290,0 
2289,28 
25200,
26278,
23135,
2712,
22816,
21824,
22574,
502,
22196,
5667,
16328,
22179,
20556,
23689,3 
23185,
970,
1861,
25838,
15413,
25836,2 
25041,
21478,
20493,
6618,
24630,2 
22388,
25737,
22567,2 
22667,
14965,3 
16355,
22158,
17276,12 
25913,
26550,
21820,28 
21634,
22642,
3628,19 
696,
15679,
26205,
23853,
23963,
23904,
26843,
8,
20781,2 
17080,0 
23953,3 
22711,
14376,
21851,
6990,12 
22340,
16969,28 
13629,
20951,
50,
23214,
24654,28 
14220,
3010,
23531,
19090,
26135,
16689,2 
13981,28 
9455,
10594,28 
7217,0 
4136,
14057,
6999,
14859,
3330,19 
15563,12 28 
22010,
7876,12 
5803,0 
22070,28 
21079,
22830,
25953,12 
18396,28 
10611,
22120,19 
25885,
15066,
21463,
19630,
17686,
26971,
4461,
20429,2 
23718,
23334,
23282,2 
16685,12 28 
15670,
26183,
26450,
22686,19 
247,
26432,
25143,
8591,0 
23925,
25488,12 
20918,2 
26894,30 
25832,27 
9408,
25368,
11034,
24566,
21060,
19656,
24584,
22499,0 
25462,12 
21974,
25176,
1546,
24361,19 
13519,0 2 
16833,
21361,
23565,2 
11202,28 
17829,27 
7069,
21434,3 
5419,
26348,
16528,30 
8702,
16298,
2242,
23076,0 
20187,12 
26913,
854,0 
783,
8085,
6550,2 
3716,0 
23598,
26814,
3871,
3689,12 
514,
20651,28 
22901,
4945,
8077,
8181,12 
24602,
243,
25755,
26923,
4935,
26691,12 
7152,0 
20303,
20186,0 12 
21281,28 
26719,
22177,
26771,
18572,
16197,2 
25402,
7424,
24690,
24522,19 
22197,
1731,
12963,
12655,
10889,
7824,
21243,12 28 
13731,
22227,28 
25944,
11441,
1077,
17614,
23396,
5295,3 
16018,12 
12911,
4444,0 
25328,
8937,
21425,
20046,
19167,
1768,
6243,
24280,
20659,
4804,
21704,
10818,2 
18760,
4334,
12325,28 
191,19 
14716,
14599,28 
15565,0 
3976,
26277,
324,
15919,
23767,
15008,
17180,
4318,30 
23991,0 
27032,
22511,12 28 
6152,0 
20739,
624,
6903,
21603,
24317,
3115,0 
11657,12 
18942,19 
8604,
7815,
23343,
22098,
8325,
8237,19 
7727,12 
26925,
7477,0 
20639,
21471,
6940,
22027,
266,
27014,
1352,
22684,27 
1376,27 
25083,
8201,
13784,
20386,30 
8539,
8188,
21064,
24822,2 
25426,
24326,
21900,12 28 
1865,
2202,
26860,
13640,
6120,
18065,
25685,
16643,
26533,27 
20471,
19133,0 
9509,
25308,12 
26842,
319,0 12 
11573,
17566,
13675,
9694,
22660,
597,
3342,
136,20 
24544,
24601,
12890,
23218,3 
21171,
15464,12 
22868,
21351,
25708,
21578,0 
11511,
25290,
23532,
19844,
24356,
9619,27 
20485,
5051,27 
23157,
17990,12 
20446,0 
25821,
15157,12 
93,
10687,
6700,
22490,
26022,
25819,
11548,
17536,
457,30 
8183,
26518,27 
23544,
21164,28 
7581,
24075,0 
24765,
17339,
15466,
24711,12 
5747,
23471,
3118,12 
1380,28 
5289,
2764,2 
26452,
26982,
285,
23052,
2839,30 
19251,
13436,2 
23938,
14552,12 
13549,2 3 
23141,28 
16081,0 
2394,0 
15650,
19037,
4125,
21901,19 
24082,0 
24477,
15054,
17362,
21356,
7290,
1844,27 
24589,19 
18594,
22405,
16357,12 
16539,
24861,20 
15587,
258,
12916,27 
23055,
23323,
12771,0 30 
7491,12 
23563,
19325,
664,
22298,2 
26653,
25381,
18361,12 
26558,19 
18689,
3031,
20452,
18279,3 
9218,
1499,
23137,
7127,
20950,0 
25121,
25270,
26401,
25816,
5331,
22241,
21699,
23448,0 
2493,
23650,0 
11307,
1450,
23514,
17673,
23403,
5366,27 
14533,
24891,
5532,27 
24982,2 
21359,
22724,
26516,
20592,2 
15895,2 
26140,
23484,
26839,
291,
22141,
1883,3 
20960,
17747,
634,
9100,
26784,
26882,
1307,
12301,
10586,
26544,
4272,
21477,
303,
21399,
24149,
20434,
25859,
20549,
12865,12 
26075,27 
24442,
2317,12 27 
3047,
344,
7269,
26251,
20409,
21726,
23874,
5686,
25765,
24145,0 
23220,2 
23796,0 
1158,
14829,12 
9299,2 
10010,28 
20054,12 
9686,30 
23581,
7267,
23573,
22061,28 
3063,
23630,2 
23187,30 
17796,
11563,12 
3441,0 
22198,
26230,
23195,
22693,
21317,28 
14865,
5595,
6188,
25650,
23911,3 
6507,
3834,12 
19434,
2288,19 
6037,12 27 
23479,
20943,
23264,0 30 
11296,
2790,28 
22349,
13275,0 
25098,
21328,
10448,
18071,
21457,28 
24214,
12260,
23342,27 
24554,
22433,2 
21774,
22907,
24819,
24285,
18403,27 
16629,2 
11549,0 30 
26289,
22893,
17126,
23275,2 
21506,
22041,
9773,
21311,19 
25199,
24369,
24408,
7982,19 
22578,
24551,
384,
13989,12 
6416,
7682,
1451,
26042,
25349,
5313,
17988,
22299,
18331,
12058,0 
8602,12 
1430,2 
14520,
20316,
5924,
21572,2 
5795,
3195,
6688,
12515,0 2 
25834,2 
26259,
14110,
8527,
22594,
23946,0 
16475,
7901,
7545,
8858,
15385,
23439,
21996,19 
23617,2 
429,12 
24998,12 
8047,
20566,3 
10786,
24464,
21077,12 
20816,
16174,
26025,
24899,
5278,
19393,
20430,
26890,
26363,
19680,
9553,
20983,30 
25772,3 
18173,
23620,2 
3959,
11800,
18441,
26606,
23427,
21450,
162,
26407,27 
8569,19 
1904,
14096,
26862,0 
25882,
22524,
20370,
511,3 
20952,
22842,2 
20627,2 
21841,0 
26705,
25206,12 
18930,
21012,
446,
15798,
20563,
22790,0 
11019,19 
21979,28 
26449,
220,19 
21836,
9480,
1272,2 
14216,
22370,
22051,
9356,
20854,28 
19472,28 
3775,28 
3434,
20520,0 
14510,19 
655,
7899,
505,12 28 
6437,28 
25389,12 
395,
3779,
24867,
5043,0 12 
25939,
2995,28 
9167,3 
7677,
12837,
20959,
23339,
17059,28 
20997,
18820,
19952,0 
27036,
15063,
12685,
21605,28 
20645,
3583,0 
3836,
1722,0 2 
5225,
12617,
22880,2 
20647,
19514,
25435,12 
23763,0 
14791,12 
23819,0 
24713,
7320,
15081,
5188,
17107,2 
20744,
5598,
3497,
3117,2 
979,30 
22691,
6353,
4504,
5948,12 
25361,
17676,12 
25005,
2851,30 
12037,30 
19397,
8942,2 
15316,
23773,
29,
21156,12 28 
21305,12 28 
21804,
23383,3 
16244,
20160,20 
2960,
22726,3 
6635,
1573,
19390,
9838,2 
23094,
24526,
23664,
16,
18458,
25564,19 
19721,
20559,2 
23635,
13612,
27007,
23723,
20025,
604,
26078,
19916,
10254,28 
15556,
25286,12 
8398,
26967,0 
9477,
21320,12 
19993,
22238,
20803,
24963,12 
26304,30 
638,
11073,0 
25769,
26626,
25738,
23574,
19965,
15058,
20577,
21675,28 
24553,
14769,
23579,
4551,
24360,
18228,
20235,
20879,
18785,30 
704,
25215,
20363,0 
10209,0 2 
23648,2 
5100,0 
7797,2 
26349,
26591,
23008,3 
24769,
360,2 
184,0 
13058,0 
26082,
23453,0 
24268,
22915,
23025,
19815,
26087,
19934,
21151,
25909,
25548,
1832,0 
22273,
22620,0 2 
6541,
16273,2 
13517,
4179,
18620,
20731,
1633,
17285,2 
26852,3 
14198,27 
26302,27 
4767,
25366,
3783,19 
18899,28 
11227,
26610,
26942,0 30 
7869,12 
19485,0 
7619,
7721,
10366,
648,
18690,12 
14592,30 
19486,
24191,
22806,
7022,
942,
20707,
24976,12 
19997,
27020,
25365,
6614,
2315,
23836,3 
23238,3 
22279,20 
21920,
19975,30 
24469,
16287,
25443,
20423,
20567,
11702,
23290,
22325,
22937,
22182,
19310,
16987,2 
26246,
5631,
20772,
22427,0 
835,28 
21120,
24954,20 
21706,28 
11077,2 
14255,
26584,
26828,
14981,
23278,
21416,
25515,
4337,0 
11145,
190,
7551,
23490,0 
22478,
615,
1312,28 
26587,20 
7793,
23657,
6680,
13377,
9511,
2340,0 
20009,
22407,
22076,
15331,3 
22604,
308,12 
8012,0 2 
12099,
24636,12 
11874,
8689,0 
26384,
25698,
24315,
26268,
5350,
8150,28 
22215,
19207,12 
14430,19 
12023,
13969,
1164,
23747,
24460,
19015,
22326,0 
26214,
1028,
3143,
7123,28 
18012,
3892,
25255,12 
26162,
99,
4677,
14723,
499,
25076,
6190,
24374,
23152,
8911,
19568,
20828,
23790,
5067,0 
21184,
5016,
748,
26062,
6087,
11575,
18655,
20964,28 
16315,
21314,
24423,0 
13226,0 
13433,
26886,
13719,
9272,
25569,27 
26553,
25239,
20852,
16039,
3491,
11609,0 
11647,
20346,
4909,
18934,
26385,
25709,
26769,12 
5545,
25305,
4113,
23420,
15484,
20910,12 
19173,
5031,
21871,
13786,0 
25077,
6494,
15531,
23056,
23359,
26274,
22695,0 
26880,
2656,
12335,
16434,
6236,
2783,28 
1828,
555,
11464,
5517,
10712,
10001,
3352,12 
21489,
19726,
19150,
26817,
23621,
25207,
19029,12 28 
1857,
25463,19 
8731,
996,
26788,
19479,2 
1992,
23748,
21907,
16396,
12684,
1665,2 
7831,
5499,
3409,
13139,
26175,
7673,
23493,
12991,
13197,
2920,12 
24192,
21629,
26319,
8061,
171,
1810,
23330,
8124,
5472,0 12 
8796,
15532,
1969,
24806,
21231,
24412,
21711,
15963,
23502,
13194,
8516,2 
5776,
3417,
10429,12 
15283,
20717,2 
24695,
20688,19 
9628,
26408,
25477,
3918,0 
25872,
26898,
12609,
14360,
18969,
23698,
19676,
22046,28 
21487,
5757,
22672,
22950,2 
15635,
21491,0 
17009,
25720,
13470,
25142,
22253,
4656,
15873,12 
22885,
21272,28 
15617,
3523,
24925,
6327,
530,
20221,
